{"numberOfDrones": 4, "numberOfRechargePoints": 1, "numberOfUsersClusters": 31, "numberOfHAPSs": 1, "XY": 11, "CellDist": 500, "HAPSPosition": [[1, 7]], "RechargePointPosition": [[5, 7]], "DronePosition": [[5, 6], [4, 7], [4, 8], [6, 7]], "NUsers": [5, 10, 5, 3, 10, 10, 4, 5, 4, 50, 10, 10, 4, 3, 5, 5, 2, 5, 3, 3, 2, 2, 10, 2, 3, 5, 2, 30, 50, 2, 3], "UserClusterPosition": [[2, 2], [2, 8], [2, 10], [3, 4], [4, 2], [4, 3], [4, 5], [4, 7], [4, 10], [5, 2], [5, 3], [5, 5], [5, 7], [5, 10], [6, 3], [6, 4], [6, 7], [6, 8], [6, 10], [6, 11], [7, 1], [7, 7], [7, 9], [7, 11], [8, 4], [8, 5], [8, 7], [8, 9], [9, 9], [9, 11], [10, 7]], "DroneHeight": [3, 1, 1, 3], "isUserCovered": [0, 1, 0, 1, 0, 1, 1, 1, 1, 1, 1, 1, 1, 1, 1, 1, 1, 1, 1, 1, 0, 1, 1, 0, 0, 1, 1, 1, 0, 0, 1], "ClosestRP": [1, 1, 1, 1], "ClosestDrone": [3, 2, 2, 3, 3, 3, 3, 3, 2, 3, 3, 3, 3, 4, 3, 3, 3, 2, 2, 2, 3, 3, 2, 1, 3, 3, 3, 1, 1, 1, 3], "userLatency": [9.0, 4.0, 6.0, 6.0, 7.0, 6.0, 4.0, 2.0, 4.0, 8.0, 7.0, 5.0, 3.0, 7.0, 8.0, 7.0, 4.0, 4.0, 6.0, 7.0, 11.0, 5.0, 6.0, 10.0, 9.0, 8.0, 6.0, 9.0, 10.0, 12.0, 8.0], "userPathLoss": [9.0, 4.0, 6.0, 6.0, 7.0, 6.0, 4.0, 2.0, 4.0, 8.0, 7.0, 5.0, 3.0, 7.0, 8.0, 7.0, 4.0, 4.0, 6.0, 7.0, 11.0, 5.0, 6.0, 10.0, 9.0, 8.0, 6.0, 9.0, 10.0, 12.0, 8.0], "userBandWidth": [0.0, 166.666666666667, 0.0, 66.6666666666667, 0.0, 66.6666666666667, 66.6666666666667, 66.6666666666667, 166.666666666667, 66.6666666666667, 66.6666666666667, 66.6666666666667, 66.6666666666667, 1000.0, 66.6666666666667, 66.6666666666667, 66.6666666666667, 166.666666666667, 166.666666666667, 166.666666666667, 0.0, 66.6666666666667, 166.666666666667, 0.0, 0.0, 66.6666666666667, 66.6666666666667, 1000.0, 0.0, 0.0, 66.6666666666667]}