{"numberOfDrones": 7, "numberOfRechargePoints": 2, "numberOfUsersClusters": 31, "numberOfHAPSs": 1, "XY": 11, "CellDist": 500, "HAPSPosition": [[8, 5]], "RechargePointPosition": [[5, 4], [7, 8]], "DronePosition": [[6, 4], [6, 8], [7, 6], [6, 8], [7, 8], [9, 9], [9, 8]], "NUsers": [5, 10, 5, 3, 10, 10, 4, 5, 4, 50, 10, 10, 4, 3, 5, 5, 2, 5, 3, 3, 2, 2, 10, 2, 3, 5, 2, 30, 50, 2, 3], "UserClusterPosition": [[2, 2], [2, 8], [2, 10], [3, 4], [4, 2], [4, 3], [4, 5], [4, 7], [4, 10], [5, 2], [5, 3], [5, 5], [5, 7], [5, 10], [6, 3], [6, 4], [6, 7], [6, 8], [6, 10], [6, 11], [7, 1], [7, 7], [7, 9], [7, 11], [8, 4], [8, 5], [8, 7], [8, 9], [9, 9], [9, 11], [10, 7]], "DroneHeight": [3, 1, 2, 2, 1, 1, 2], "isUserCovered": [0, 0, 0, 1, 1, 1, 1, 1, 0, 1, 1, 1, 1, 1, 1, 1, 1, 1, 1, 1, 1, 1, 1, 0, 1, 1, 1, 1, 1, 1, 1], "ClosestRP": [1, 2, 2, 2, 2, 2, 2], "ClosestDrone": [3, 5, 5, 3, 3, 3, 5, 3, 5, 3, 3, 5, 3, 5, 3, 3, 3, 5, 5, 5, 5, 2, 2, 2, 5, 5, 2, 5, 7, 7, 3], "userLatency": [11.0, 6.0, 8.0, 8.0, 9.0, 8.0, 7.0, 6.0, 6.0, 8.0, 7.0, 6.0, 5.0, 5.0, 6.0, 5.0, 4.0, 2.0, 4.0, 5.0, 8.0, 3.0, 3.0, 5.0, 6.0, 5.0, 4.0, 3.0, 3.0, 5.0, 6.0], "userPathLoss": [11.0, 6.0, 8.0, 8.0, 9.0, 8.0, 7.0, 6.0, 6.0, 8.0, 7.0, 6.0, 5.0, 5.0, 6.0, 5.0, 4.0, 2.0, 4.0, 5.0, 8.0, 3.0, 3.0, 5.0, 6.0, 5.0, 4.0, 3.0, 3.0, 5.0, 6.0], "userBandWidth": [0.0, 0.0, 0.0, 90.9090909090909, 90.9090909090909, 90.9090909090909, 100.0, 90.9090909090909, 0.0, 90.9090909090909, 90.9090909090909, 100.0, 90.9090909090909, 100.0, 90.9090909090909, 90.9090909090909, 90.9090909090909, 100.0, 100.0, 100.0, 100.0, 333.333333333333, 333.333333333333, 0.0, 100.0, 100.0, 333.333333333333, 100.0, 500.0, 500.0, 90.9090909090909]}