{"numberOfDrones": 4, "numberOfRechargePoints": 1, "numberOfUsersClusters": 24, "numberOfHAPSs": 1, "XY": 10, "CellDist": 1000, "HAPSPosition": [[5, 5]], "RechargePointPosition": [[5, 5]], "DronePosition": [[2, 2], [2, 7], [7, 2], [7, 7]], "NUsers": [50, 100, 20, 300, 100, 50, 100, 100, 100, 300, 30, 40, 200, 400, 30, 30, 20, 50, 10, 30, 100, 100, 5, 5], "UserClusterPosition": [[2, 1], [3, 1], [3, 3], [4, 1], [4, 2], [4, 5], [4, 6], [5, 8], [5, 9], [5, 10], [6, 4], [6, 5], [6, 8], [6, 9], [7, 3], [7, 4], [7, 6], [7, 9], [8, 3], [8, 4], [8, 9], [8, 10], [9, 4], [9, 7]], "DroneHeight": [1, 1, 1, 1], "isUserCovered": [1, 1, 1, 1, 1, 1, 1, 1, 1, 0, 1, 1, 1, 1, 1, 1, 1, 1, 1, 1, 1, 1, 1, 1], "ClosestRP": [1, 1, 1, 1], "ClosestDrone": [0, 0, 0, 0, 0, 1, 1, 3, 3, 3, 2, 3, 3, 3, 2, 2, 3, 3, 2, 2, 3, 3, 2, 3], "userLatency": [2, 3, 3, 4, 3, 5, 4, 4, 5, 9999, 4, 4, 3, 4, 2, 3, 2, 3, 3, 4, 4, 5, 5, 3], "userPathLoss": [2, 3, 3, 4, 3, 5, 4, 4, 5, 9999, 4, 4, 3, 4, 2, 3, 2, 3, 3, 4, 4, 5, 5, 3], "userBandWidth": [200.0, 200.0, 200.0, 200.0, 200.0, 333.3333333333333, 333.3333333333333, 66.66666666666667, 66.66666666666667, 0.0, 100.0, 66.66666666666667, 66.66666666666667, 66.66666666666667, 100.0, 100.0, 66.66666666666667, 66.66666666666667, 100.0, 100.0, 66.66666666666667, 66.66666666666667, 100.0, 66.66666666666667]}