{"numberOfDrones": 6, "numberOfRechargePoints": 2, "numberOfUsersClusters": 24, "numberOfHAPSs": 1, "XY": 10, "CellDist": 1000, "HAPSPosition": [[5, 5]], "RechargePointPosition": [[5, 2], [5, 7]], "DronePosition": [[2, 2], [2, 5], [2, 8], [7, 2], [7, 5], [7, 8]], "NUsers": [50, 100, 20, 300, 100, 50, 100, 100, 100, 300, 30, 40, 200, 400, 30, 30, 20, 50, 10, 30, 100, 100, 5, 5], "UserClusterPosition": [[2, 1], [3, 1], [3, 3], [4, 1], [4, 2], [4, 5], [4, 6], [5, 8], [5, 9], [5, 10], [6, 4], [6, 5], [6, 8], [6, 9], [7, 3], [7, 4], [7, 6], [7, 9], [8, 3], [8, 4], [8, 9], [8, 10], [9, 4], [9, 7]], "DroneHeight": [1, 1, 1, 1, 1, 1], "isUserCovered": [1, 1, 1, 1, 1, 1, 1, 1, 1, 1, 1, 1, 1, 1, 1, 1, 1, 1, 1, 1, 1, 1, 1, 1], "ClosestRP": [1, 2, 2, 1, 2, 2], "ClosestDrone": [0, 0, 0, 0, 0, 1, 1, 5, 5, 5, 4, 4, 5, 5, 3, 4, 4, 5, 3, 4, 5, 5, 4, 5], "userLatency": [2, 3, 3, 4, 3, 3, 4, 3, 4, 5, 3, 2, 2, 3, 2, 2, 2, 2, 3, 3, 3, 4, 4, 4], "userPathLoss": [2, 3, 3, 4, 3, 3, 4, 3, 4, 5, 3, 2, 2, 3, 2, 2, 2, 2, 3, 3, 3, 4, 4, 4], "userBandWidth": [200.0, 200.0, 200.0, 200.0, 200.0, 200.0, 200.0, 83.33333333333333, 83.33333333333333, 83.33333333333333, 76.92307692307692, 76.92307692307692, 83.33333333333333, 83.33333333333333, 100.0, 76.92307692307692, 76.92307692307692, 83.33333333333333, 100.0, 76.92307692307692, 83.33333333333333, 83.33333333333333, 76.92307692307692, 83.33333333333333]}