{"numberOfDrones": 2, "numberOfRechargePoints": 1, "numberOfUsersClusters": 14, "numberOfHAPSs": 1, "XY": 7, "CellDist": 500, "HAPSPosition": [[3, 3]], "RechargePointPosition": [[3, 3]], "DronePosition": [[3, 2], [3, 5]], "NUsers": [4, 9, 2, 1, 6, 2, 1, 3, 2, 2, 8, 2, 1, 2], "UserClusterPosition": [[1, 1], [1, 7], [2, 1], [2, 2], [2, 3], [2, 7], [4, 6], [6, 5], [6, 6], [6, 7], [7, 2], [7, 3], [7, 5], [7, 7]], "DroneHeight": [1, 1], "isUserCovered": [0, 0, 1, 1, 1, 0, 1, 0, 0, 0, 0, 0, 0, 0], "ClosestRP": [1, 1], "ClosestDrone": [0, 1, 0, 0, 0, 1, 1, 1, 1, 1, 0, 0, 1, 1], "userLatency": [9999, 9999, 3, 2, 3, 9999, 3, 9999, 9999, 9999, 9999, 9999, 9999, 9999], "userPathLoss": [9999, 9999, 3, 2, 3, 9999, 3, 9999, 9999, 9999, 9999, 9999, 9999, 9999], "userBandWidth": [0.0, 0.0, 333.3333333333333, 333.3333333333333, 333.3333333333333, 0.0, 1000.0, 0.0, 0.0, 0.0, 0.0, 0.0, 0.0, 0.0]}