{"numberOfDrones": 4, "numberOfRechargePoints": 2, "numberOfUsersClusters": 14, "numberOfHAPSs": 1, "XY": 7, "CellDist": 500, "HAPSPosition": [[3, 2]], "RechargePointPosition": [[3, 4], [5, 4]], "DronePosition": [[2, 4], [3, 6], [5, 4], [3, 7]], "NUsers": [4, 9, 2, 1, 6, 2, 1, 3, 2, 2, 8, 2, 1, 2], "UserClusterPosition": [[1, 1], [1, 7], [2, 1], [2, 2], [2, 3], [2, 7], [4, 6], [6, 5], [6, 6], [6, 7], [7, 2], [7, 3], [7, 5], [7, 7]], "DroneHeight": [3, 1, 3, 1], "isUserCovered": [1, 1, 1, 1, 1, 1, 1, 1, 1, 1, 1, 1, 1, 0], "ClosestRP": [1, 1, 2, 1], "ClosestDrone": [2, 2, 2, 2, 3, 2, 4, 4, 4, 2, 1, 1, 4, 2], "userLatency": [8.0, 4.0, 7.0, 6.0, 7.0, 3.0, 3.0, 6.0, 5.0, 5.0, 10.0, 9.0, 7.0, 6.0], "userPathLoss": [8.0, 4.0, 7.0, 6.0, 7.0, 3.0, 3.0, 6.0, 5.0, 5.0, 10.0, 9.0, 7.0, 6.0], "userBandWidth": [166.666666666667, 166.666666666667, 166.666666666667, 166.666666666667, 1000.0, 166.666666666667, 250.0, 250.0, 250.0, 166.666666666667, 500.0, 500.0, 250.0, 0.0]}