{"numberOfDrones": 3, "numberOfRechargePoints": 2, "numberOfUsersClusters": 14, "numberOfHAPSs": 1, "XY": 7, "CellDist": 500, "HAPSPosition": [[1, 3]], "RechargePointPosition": [[3, 2], [3, 6]], "DronePosition": [[2, 2], [4, 2], [3, 6]], "NUsers": [4, 9, 2, 1, 6, 2, 1, 3, 2, 2, 8, 2, 1, 2], "UserClusterPosition": [[1, 1], [1, 7], [2, 1], [2, 2], [2, 3], [2, 7], [4, 6], [6, 5], [6, 6], [6, 7], [7, 2], [7, 3], [7, 5], [7, 7]], "DroneHeight": [2, 2, 3], "isUserCovered": [1, 1, 1, 1, 1, 1, 1, 1, 1, 1, 1, 0, 0, 0], "ClosestRP": [1, 1, 2], "ClosestDrone": [2, 1, 2, 2, 2, 1, 2, 1, 2, 2, 1, 1, 1, 2], "userLatency": [6.0, 8.0, 5.0, 4.0, 5.0, 7.0, 6.0, 9.0, 8.0, 9.0, 7.0, 8.0, 10.0, 10.0], "userPathLoss": [6.0, 8.0, 5.0, 4.0, 5.0, 7.0, 6.0, 9.0, 8.0, 9.0, 7.0, 8.0, 10.0, 10.0], "userBandWidth": [142.857142857143, 250.0, 142.857142857143, 142.857142857143, 142.857142857143, 250.0, 142.857142857143, 250.0, 142.857142857143, 142.857142857143, 250.0, 0.0, 0.0, 0.0]}