{"numberOfDrones": 3, "numberOfRechargePoints": 1, "numberOfUsersClusters": 14, "numberOfHAPSs": 1, "XY": 7, "CellDist": 500, "HAPSPosition": [[1, 1]], "RechargePointPosition": [[1, 5]], "DronePosition": [[1, 3], [1, 2], [2, 5]], "NUsers": [4, 9, 2, 1, 6, 2, 1, 3, 2, 2, 8, 2, 1, 2], "UserClusterPosition": [[1, 1], [1, 7], [2, 1], [2, 2], [2, 3], [2, 7], [4, 6], [6, 5], [6, 6], [6, 7], [7, 2], [7, 3], [7, 5], [7, 7]], "DroneHeight": [1, 1, 3], "isUserCovered": [1, 1, 1, 1, 1, 1, 1, 1, 0, 0, 0, 0, 0, 0], "ClosestRP": [1, 1, 1], "ClosestDrone": [1, 2, 1, 1, 3, 1, 1, 1, 1, 1, 1, 2, 1, 1], "userLatency": [3.0, 6.0, 4.0, 3.0, 5.0, 6.0, 7.0, 8.0, 9.0, 10.0, 8.0, 8.0, 9.0, 11.0], "userPathLoss": [3.0, 6.0, 4.0, 3.0, 5.0, 6.0, 7.0, 8.0, 9.0, 10.0, 8.0, 8.0, 9.0, 11.0], "userBandWidth": [166.666666666667, 1000.0, 166.666666666667, 166.666666666667, 1000.0, 166.666666666667, 166.666666666667, 166.666666666667, 0.0, 0.0, 0.0, 0.0, 0.0, 0.0]}