{"numberOfDrones": 4, "numberOfRechargePoints": 2, "numberOfUsersClusters": 31, "numberOfHAPSs": 1, "XY": 11, "CellDist": 500, "HAPSPosition": [[5, 5]], "RechargePointPosition": [[5, 3], [5, 8]], "DronePosition": [[3, 3], [3, 8], [8, 3], [8, 8]], "NUsers": [5, 10, 5, 3, 10, 10, 4, 5, 4, 50, 10, 10, 4, 3, 5, 5, 2, 5, 3, 3, 2, 2, 10, 2, 3, 5, 2, 30, 50, 2, 3], "UserClusterPosition": [[2, 2], [2, 8], [2, 10], [3, 4], [4, 2], [4, 3], [4, 5], [4, 7], [4, 10], [5, 2], [5, 3], [5, 5], [5, 7], [5, 10], [6, 3], [6, 4], [6, 7], [6, 8], [6, 10], [6, 11], [7, 1], [7, 7], [7, 9], [7, 11], [8, 4], [8, 5], [8, 7], [8, 9], [9, 9], [9, 11], [10, 7]], "DroneHeight": [1, 1, 1, 1], "isUserCovered": [1, 1, 0, 1, 1, 1, 0, 1, 0, 0, 1, 0, 0, 0, 1, 0, 0, 1, 0, 0, 0, 1, 1, 0, 1, 1, 1, 1, 1, 0, 0], "ClosestRP": [1, 2, 1, 2], "ClosestDrone": [0, 1, 1, 0, 0, 0, 0, 1, 1, 0, 0, 0, 1, 1, 2, 2, 3, 3, 3, 3, 2, 3, 3, 3, 2, 2, 3, 3, 3, 3, 3], "userLatency": [3, 2, 9999, 2, 3, 2, 9999, 3, 9999, 9999, 3, 9999, 9999, 9999, 3, 9999, 9999, 3, 9999, 9999, 9999, 3, 3, 9999, 2, 3, 2, 2, 3, 9999, 9999], "userPathLoss": [3, 2, 9999, 2, 3, 2, 9999, 3, 9999, 9999, 3, 9999, 9999, 9999, 3, 9999, 9999, 3, 9999, 9999, 9999, 3, 3, 9999, 2, 3, 2, 2, 3, 9999, 9999], "userBandWidth": [200.0, 500.0, 0.0, 200.0, 200.0, 200.0, 0.0, 500.0, 0.0, 0.0, 200.0, 0.0, 0.0, 0.0, 333.3333333333333, 0.0, 0.0, 166.66666666666666, 0.0, 0.0, 0.0, 166.66666666666666, 166.66666666666666, 0.0, 333.3333333333333, 333.3333333333333, 166.66666666666666, 166.66666666666666, 166.66666666666666, 0.0, 0.0]}