{"numberOfDrones": 4, "numberOfRechargePoints": 6, "numberOfUsersClusters": 40, "numberOfHASPs": 2, "XY": 20, "HASPPosition": [[1, 13], [4, 19]], "RechargePointPosition": [[12, 11], [1, 18], [1, 1], [1, 1], [1, 1], [1, 1]], "DronePosition": [[8, 10], [11, 13], [14, 19], [4, 19]], "NUsers": [5, 7, 10, 9, 4, 3, 2, 6, 8, 11, 5, 7, 10, 9, 4, 3, 2, 6, 8, 11, 5, 7, 10, 9, 4, 3, 2, 6, 8, 11, 5, 7, 10, 9, 4, 3, 2, 6, 8, 11], "UserClusterPosition": [[2, 3], [5, 7], [4, 15], [16, 4], [14, 11], [17, 18], [10, 12], [8, 18], [19, 6], [12, 13], [3, 5], [7, 9], [6, 16], [18, 5], [15, 12], [18, 19], [20, 13], [19, 8], [13, 14], [4, 17], [5, 9], [7, 11], [6, 18], [18, 7], [15, 13], [18, 20], [20, 14], [19, 9], [14, 15], [5, 17], [7, 19], [6, 20], [3, 20], [9, 19], [11, 18], [10, 19], [12, 20], [9, 9], [11, 8], [10, 9]], "DroneHeight": [1, 2, 1, 2], "isUserCovered": [0, 0, 1, 0, 1, 1, 1, 1, 0, 1, 0, 1, 1, 0, 1, 1, 0, 0, 1, 1, 1, 1, 1, 0, 1, 0, 0, 0, 1, 1, 1, 1, 1, 1, 1, 1, 1, 1, 1, 1], "ClosestRP": [1, 1, 1, 2], "ClosestDrone": [1, 1, 4, 1, 2, 3, 2, 4, 1, 2, 1, 1, 4, 1, 2, 3, 2, 1, 2, 4, 1, 1, 4, 1, 2, 3, 2, 1, 3, 4, 4, 4, 4, 3, 3, 3, 3, 1, 1, 1], "userLatency": [0.00216666666666667, 0.001, 0.000666666666666667, 0.00233333333333333, 0.000833333333333333, 0.000666666666666667, 0.000333333333333333, 0.000833333333333333, 0.0025, 0.000166666666666667, 0.00166666666666667, 0.000333333333333333, 0.000833333333333333, 0.0025, 0.000833333333333333, 0.000666666666666667, 0.0015, 0.00216666666666667, 0.0005, 0.000333333333333333, 0.000666666666666667, 0.000333333333333333, 0.0005, 0.00216666666666667, 0.000666666666666667, 0.000833333333333332, 0.00166666666666667, 0.002, 0.000666666666666667, 0.0005, 0.0005, 0.000499999999999999, 0.000333333333333332, 0.000833333333333333, 0.000666666666666667, 0.000666666666666667, 0.000499999999999999, 0.000333333333333333, 0.000833333333333333, 0.0005], "userPathLoss": [170.0, 37.0, 20.0, 197.0, 29.0, 17.0, 8.0, 29.0, 226.0, 5.0, 101.0, 5.0, 29.0, 226.0, 29.0, 17.0, 85.0, 170.0, 13.0, 8.0, 17.0, 5.0, 13.0, 170.0, 20.0, 26.0, 104.0, 145.0, 17.0, 13.0, 13.0, 13.0, 8.0, 26.0, 17.0, 17.0, 10.0, 5.0, 26.0, 10.0], "userBandWidth": [0.0, 0.0, 100.0, 0.0, 100.0, 250.0, 100.0, 100.0, 0.0, 100.0, 0.0, 250.0, 100.0, 0.0, 100.0, 250.0, 0.0, 0.0, 100.0, 100.0, 250.0, 250.0, 100.0, 0.0, 100.0, 0.0, 0.0, 0.0, 250.0, 100.0, 100.0, 100.0, 100.0, 250.0, 250.0, 250.0, 250.0, 250.0, 250.0, 250.0]}