{"numberOfDrones": 6, "numberOfRechargePoints": 2, "numberOfUsersClusters": 40, "numberOfHASPs": 2, "XY": 20, "HASPPosition": [[11, 1], [5, 10]], "RechargePointPosition": [[15, 3], [5, 16]], "DronePosition": [[5, 20], [12, 7], [5, 3], [19, 3], [15, 2], [5, 9]], "NUsers": [5, 7, 10, 9, 4, 3, 2, 6, 8, 11, 5, 7, 10, 9, 4, 3, 2, 6, 8, 11, 5, 7, 10, 9, 4, 3, 2, 6, 8, 11, 5, 7, 10, 9, 4, 3, 2, 6, 8, 11], "UserClusterPosition": [[2, 3], [5, 7], [4, 15], [16, 4], [14, 11], [17, 18], [10, 12], [8, 18], [19, 6], [12, 13], [3, 5], [7, 9], [6, 16], [18, 5], [15, 12], [18, 19], [20, 13], [19, 8], [13, 14], [4, 17], [5, 9], [7, 11], [6, 18], [18, 7], [15, 13], [18, 20], [20, 14], [19, 9], [14, 15], [5, 17], [7, 19], [6, 20], [3, 20], [9, 19], [11, 18], [10, 19], [12, 20], [9, 9], [11, 8], [10, 9]], "DroneHeight": [2, 1, 1, 2, 1, 1], "isUserCovered": [1, 1, 0, 1, 0, 0, 0, 1, 1, 0, 1, 1, 1, 1, 0, 0, 0, 1, 0, 1, 1, 1, 1, 1, 0, 0, 0, 0, 0, 1, 1, 1, 1, 1, 0, 0, 0, 1, 1, 1], "ClosestRP": [2, 1, 1, 1, 1, 2], "ClosestDrone": [3, 6, 1, 5, 2, 1, 2, 1, 4, 2, 3, 6, 1, 4, 2, 1, 4, 4, 2, 1, 6, 6, 1, 4, 2, 1, 4, 4, 2, 1, 1, 1, 1, 1, 1, 1, 1, 6, 2, 2], "userLatency": [0.0005, 0.000333333333333333, 0.001, 0.0005, 0.001, 0.00233333333333333, 0.00116666666666667, 0.000833333333333333, 0.0005, 0.001, 0.000666666666666667, 0.000333333333333333, 0.000833333333333333, 0.0005, 0.00133333333333333, 0.00233333333333333, 0.00183333333333333, 0.000833333333333333, 0.00133333333333333, 0.000666666666666667, -0.0, 0.000666666666666667, 0.0005, 0.000833333333333333, 0.0015, 0.00216666666666667, 0.002, 0.001, 0.00166666666666667, 0.0005, 0.0005, 0.000166666666666666, 0.000333333333333333, 0.000833333333333333, 0.00133333333333333, 0.001, 0.00116666666666667, 0.000666666666666667, 0.000333333333333333, 0.000666666666666667], "userPathLoss": [10.0, 5.0, 40.0, 10.0, 37.0, 200.0, 50.0, 29.0, 13.0, 37.0, 17.0, 5.0, 29.0, 13.0, 65.0, 200.0, 125.0, 29.0, 65.0, 20.0, 1.0, 17.0, 13.0, 29.0, 82.0, 173.0, 148.0, 40.0, 101.0, 13.0, 13.0, 5.0, 8.0, 29.0, 68.0, 40.0, 53.0, 17.0, 5.0, 17.0], "userBandWidth": [500.0, 200.0, 0.0, 1000.0, 0.0, 0.0, 0.0, 111.111111111111, 250.0, 0.0, 500.0, 200.0, 111.111111111111, 250.0, 0.0, 0.0, 0.0, 250.0, 0.0, 111.111111111111, 200.0, 200.0, 111.111111111111, 250.0, 0.0, 0.0, 0.0, 0.0, 0.0, 111.111111111111, 111.111111111111, 111.111111111111, 111.111111111111, 111.111111111111, 0.0, 0.0, 0.0, 200.0, 500.0, 500.0]}