{"numberOfDrones": 8, "numberOfRechargePoints": 2, "numberOfUsersClusters": 40, "numberOfHASPs": 2, "XY": 20, "HASPPosition": [[6, 8], [17, 7]], "RechargePointPosition": [[6, 7], [16, 9]], "DronePosition": [[6, 17], [3, 10], [4, 2], [12, 4], [14, 10], [15, 4], [20, 7], [17, 17]], "NUsers": [5, 7, 10, 9, 4, 3, 2, 6, 8, 11, 5, 7, 10, 9, 4, 3, 2, 6, 8, 11, 5, 7, 10, 9, 4, 3, 2, 6, 8, 11, 5, 7, 10, 9, 4, 3, 2, 6, 8, 11], "UserClusterPosition": [[2, 3], [5, 7], [4, 15], [16, 4], [14, 11], [17, 18], [10, 12], [8, 18], [19, 6], [12, 13], [3, 5], [7, 9], [6, 16], [18, 5], [15, 12], [18, 19], [20, 13], [19, 8], [13, 14], [4, 17], [5, 9], [7, 11], [6, 18], [18, 7], [15, 13], [18, 20], [20, 14], [19, 9], [14, 15], [5, 17], [7, 19], [6, 20], [3, 20], [9, 19], [11, 18], [10, 19], [12, 20], [9, 9], [11, 8], [10, 9]], "DroneHeight": [1, 1, 1, 1, 2, 1, 1, 1], "isUserCovered": [1, 0, 0, 1, 1, 1, 0, 1, 1, 1, 1, 0, 1, 1, 1, 1, 0, 1, 1, 0, 1, 0, 1, 1, 1, 0, 0, 1, 1, 1, 1, 1, 0, 0, 0, 0, 0, 0, 1, 1], "ClosestRP": [1, 1, 1, 1, 2, 2, 2, 2], "ClosestDrone": [3, 2, 1, 6, 5, 8, 5, 1, 7, 5, 3, 2, 1, 6, 5, 8, 7, 7, 5, 1, 2, 2, 1, 7, 5, 8, 8, 7, 5, 1, 1, 1, 1, 1, 1, 1, 8, 5, 4, 5], "userLatency": [0.0005, 0.000833333333333333, 0.000666666666666667, 0.000166666666666667, 0.000166666666666667, 0.000166666666666667, 0.001, 0.0005, 0.000333333333333333, 0.000833333333333333, 0.000666666666666667, 0.000833333333333333, 0.000166666666666667, 0.000666666666666667, 0.0005, 0.0005, 0.000999999999999999, 0.000333333333333333, 0.000833333333333333, 0.000333333333333333, 0.0005, 0.000833333333333333, 0.000166666666666667, 0.000333333333333333, 0.000666666666666667, 0.000666666666666666, 0.000999999999999999, 0.0005, 0.000833333333333333, 0.000166666666666667, 0.0005, 0.000499999999999999, 0.000999999999999999, 0.000833333333333333, 0.001, 0.001, 0.00133333333333333, 0.001, 0.000833333333333333, 0.000833333333333333], "userPathLoss": [10.0, 26.0, 17.0, 2.0, 5.0, 2.0, 40.0, 10.0, 5.0, 29.0, 17.0, 26.0, 2.0, 17.0, 13.0, 10.0, 37.0, 5.0, 29.0, 5.0, 10.0, 26.0, 2.0, 5.0, 20.0, 17.0, 37.0, 10.0, 29.0, 2.0, 10.0, 10.0, 37.0, 26.0, 37.0, 37.0, 65.0, 40.0, 26.0, 29.0], "userBandWidth": [500.0, 0.0, 0.0, 1000.0, 125.0, 500.0, 0.0, 166.666666666667, 250.0, 125.0, 500.0, 0.0, 166.666666666667, 1000.0, 125.0, 500.0, 0.0, 250.0, 125.0, 0.0, 1000.0, 0.0, 166.666666666667, 250.0, 125.0, 0.0, 0.0, 250.0, 125.0, 166.666666666667, 166.666666666667, 166.666666666667, 0.0, 0.0, 0.0, 0.0, 0.0, 0.0, 1000.0, 125.0]}