{"numberOfDrones": 4, "numberOfRechargePoints": 5, "numberOfUsersClusters": 40, "numberOfHASPs": 2, "XY": 20, "HASPPosition": [[1, 11], [8, 5]], "RechargePointPosition": [[14, 5], [1, 9], [1, 17], [1, 1], [1, 1]], "DronePosition": [[5, 9], [5, 17], [2, 5], [18, 5]], "NUsers": [5, 7, 10, 9, 4, 3, 2, 6, 8, 11, 5, 7, 10, 9, 4, 3, 2, 6, 8, 11, 5, 7, 10, 9, 4, 3, 2, 6, 8, 11, 5, 7, 10, 9, 4, 3, 2, 6, 8, 11], "UserClusterPosition": [[2, 3], [5, 7], [4, 15], [16, 4], [14, 11], [17, 18], [10, 12], [8, 18], [19, 6], [12, 13], [3, 5], [7, 9], [6, 16], [18, 5], [15, 12], [18, 19], [20, 13], [19, 8], [13, 14], [4, 17], [5, 9], [7, 11], [6, 18], [18, 7], [15, 13], [18, 20], [20, 14], [19, 9], [14, 15], [5, 17], [7, 19], [6, 20], [3, 20], [9, 19], [11, 18], [10, 19], [12, 20], [9, 9], [11, 8], [10, 9]], "DroneHeight": [2, 2, 1, 2], "isUserCovered": [1, 1, 1, 1, 0, 0, 0, 1, 1, 0, 1, 1, 1, 1, 0, 0, 0, 1, 0, 1, 1, 1, 1, 1, 0, 0, 0, 1, 0, 1, 1, 1, 1, 0, 0, 0, 0, 1, 0, 1], "ClosestRP": [2, 3, 2, 1], "ClosestDrone": [3, 1, 2, 4, 4, 2, 1, 2, 4, 1, 3, 1, 2, 4, 4, 4, 4, 4, 2, 2, 1, 1, 2, 4, 4, 4, 4, 4, 2, 2, 2, 2, 2, 2, 2, 2, 2, 1, 1, 1], "userLatency": [0.000333333333333333, 0.000333333333333333, 0.0005, 0.0005, 0.00166666666666667, 0.00216666666666667, 0.00133333333333333, 0.000666666666666667, 0.000333333333333333, 0.00183333333333333, 0.000166666666666667, 0.000333333333333333, 0.000333333333333333, -0.0, 0.00166666666666667, 0.00233333333333333, 0.00166666666666667, 0.000666666666666667, 0.00183333333333333, 0.000166666666666667, -0.0, 0.000666666666666667, 0.000333333333333333, 0.000333333333333333, 0.00183333333333333, 0.0025, 0.00183333333333333, 0.000833333333333333, 0.00183333333333333, -0.0, 0.000666666666666667, 0.000666666666666666, 0.000833333333333333, 0.001, 0.00116666666666667, 0.00116666666666667, 0.00166666666666667, 0.000666666666666667, 0.00116666666666667, 0.000833333333333333], "userPathLoss": [5.0, 8.0, 13.0, 13.0, 104.0, 173.0, 68.0, 20.0, 8.0, 125.0, 2.0, 8.0, 8.0, 4.0, 104.0, 200.0, 104.0, 20.0, 125.0, 5.0, 4.0, 20.0, 8.0, 8.0, 125.0, 229.0, 125.0, 29.0, 125.0, 4.0, 20.0, 20.0, 29.0, 40.0, 53.0, 53.0, 104.0, 20.0, 53.0, 29.0], "userBandWidth": [500.0, 166.666666666667, 111.111111111111, 166.666666666667, 0.0, 0.0, 0.0, 111.111111111111, 166.666666666667, 0.0, 500.0, 166.666666666667, 111.111111111111, 166.666666666667, 0.0, 0.0, 0.0, 166.666666666667, 0.0, 111.111111111111, 166.666666666667, 166.666666666667, 111.111111111111, 166.666666666667, 0.0, 0.0, 0.0, 166.666666666667, 0.0, 111.111111111111, 111.111111111111, 111.111111111111, 111.111111111111, 0.0, 0.0, 0.0, 0.0, 166.666666666667, 0.0, 166.666666666667]}