{"numberOfDrones": 4, "numberOfRechargePoints": 1, "numberOfUsersClusters": 40, "numberOfHASPs": 2, "XY": 20, "HASPPosition": [[8, 11], [1, 1]], "RechargePointPosition": [[8, 11]], "DronePosition": [[7, 18], [5, 9], [1, 14], [18, 11]], "NUsers": [5, 7, 10, 9, 4, 3, 2, 6, 8, 11, 5, 7, 10, 9, 4, 3, 2, 6, 8, 11, 5, 7, 10, 9, 4, 3, 2, 6, 8, 11, 5, 7, 10, 9, 4, 3, 2, 6, 8, 11], "UserClusterPosition": [[2, 3], [5, 7], [4, 15], [16, 4], [14, 11], [17, 18], [10, 12], [8, 18], [19, 6], [12, 13], [3, 5], [7, 9], [6, 16], [18, 5], [15, 12], [18, 19], [20, 13], [19, 8], [13, 14], [4, 17], [5, 9], [7, 11], [6, 18], [18, 7], [15, 13], [18, 20], [20, 14], [19, 9], [14, 15], [5, 17], [7, 19], [6, 20], [3, 20], [9, 19], [11, 18], [10, 19], [12, 20], [9, 9], [11, 8], [10, 9]], "DroneHeight": [1, 1, 1, 1], "isUserCovered": [0, 1, 1, 0, 1, 0, 0, 1, 0, 0, 0, 1, 1, 0, 1, 0, 0, 1, 0, 1, 1, 1, 1, 1, 0, 0, 0, 1, 0, 1, 1, 1, 0, 1, 1, 0, 0, 1, 0, 0], "ClosestRP": [1, 1, 1, 1], "ClosestDrone": [2, 2, 3, 4, 4, 4, 2, 1, 4, 4, 2, 2, 1, 4, 4, 4, 4, 4, 4, 1, 2, 2, 1, 4, 4, 4, 4, 4, 4, 1, 1, 1, 1, 1, 1, 1, 1, 2, 2, 2], "userLatency": [0.0015, 0.000333333333333333, 0.000666666666666667, 0.0015, 0.000666666666666667, 0.00133333333333333, 0.00133333333333333, 0.000166666666666667, 0.001, 0.00133333333333333, 0.001, 0.000333333333333333, 0.0005, 0.001, 0.000666666666666667, 0.00133333333333333, 0.000666666666666666, 0.000666666666666667, 0.00133333333333333, 0.000666666666666667, -0.0, 0.000666666666666667, 0.000166666666666667, 0.000666666666666667, 0.000833333333333333, 0.0015, 0.000833333333333333, 0.0005, 0.00133333333333333, 0.0005, 0.000166666666666667, 0.000499999999999999, 0.000999999999999999, 0.0005, 0.000666666666666667, 0.000666666666666667, 0.00116666666666667, 0.000666666666666667, 0.00116666666666667, 0.000833333333333333], "userPathLoss": [82.0, 5.0, 17.0, 82.0, 17.0, 65.0, 65.0, 2.0, 37.0, 65.0, 37.0, 5.0, 10.0, 37.0, 17.0, 65.0, 17.0, 17.0, 65.0, 17.0, 1.0, 17.0, 2.0, 17.0, 26.0, 82.0, 26.0, 10.0, 65.0, 10.0, 2.0, 10.0, 37.0, 10.0, 17.0, 17.0, 50.0, 17.0, 50.0, 26.0], "userBandWidth": [0.0, 200.0, 1000.0, 0.0, 200.0, 0.0, 0.0, 111.111111111111, 0.0, 0.0, 0.0, 200.0, 111.111111111111, 0.0, 200.0, 0.0, 0.0, 200.0, 0.0, 111.111111111111, 200.0, 200.0, 111.111111111111, 200.0, 0.0, 0.0, 0.0, 200.0, 0.0, 111.111111111111, 111.111111111111, 111.111111111111, 0.0, 111.111111111111, 111.111111111111, 0.0, 0.0, 200.0, 0.0, 0.0]}