{"numberOfDrones": 4, "numberOfRechargePoints": 8, "numberOfUsersClusters": 40, "numberOfHASPs": 2, "XY": 20, "HASPPosition": [[1, 10], [7, 6]], "RechargePointPosition": [[13, 6], [3, 7], [1, 16], [1, 1], [1, 1], [1, 1], [1, 1], [1, 1]], "DronePosition": [[5, 16], [4, 4], [17, 6], [7, 7]], "NUsers": [5, 7, 10, 9, 4, 3, 2, 6, 8, 11, 5, 7, 10, 9, 4, 3, 2, 6, 8, 11, 5, 7, 10, 9, 4, 3, 2, 6, 8, 11, 5, 7, 10, 9, 4, 3, 2, 6, 8, 11], "UserClusterPosition": [[2, 3], [5, 7], [4, 15], [16, 4], [14, 11], [17, 18], [10, 12], [8, 18], [19, 6], [12, 13], [3, 5], [7, 9], [6, 16], [18, 5], [15, 12], [18, 19], [20, 13], [19, 8], [13, 14], [4, 17], [5, 9], [7, 11], [6, 18], [18, 7], [15, 13], [18, 20], [20, 14], [19, 9], [14, 15], [5, 17], [7, 19], [6, 20], [3, 20], [9, 19], [11, 18], [10, 19], [12, 20], [9, 9], [11, 8], [10, 9]], "DroneHeight": [2, 1, 2, 2], "isUserCovered": [1, 1, 1, 1, 0, 0, 0, 1, 1, 0, 1, 1, 1, 1, 0, 0, 0, 1, 0, 1, 1, 1, 1, 1, 0, 0, 0, 1, 0, 1, 1, 1, 0, 0, 0, 0, 0, 1, 1, 1], "ClosestRP": [3, 2, 1, 2], "ClosestDrone": [2, 4, 1, 3, 3, 3, 4, 1, 3, 1, 2, 4, 1, 3, 3, 3, 3, 3, 1, 1, 4, 4, 1, 3, 3, 3, 3, 3, 1, 1, 1, 1, 1, 1, 1, 1, 1, 4, 4, 4], "userLatency": [0.0005, 0.000333333333333333, 0.000333333333333333, 0.0005, 0.00133333333333333, 0.002, 0.00133333333333333, 0.000833333333333333, 0.000333333333333333, 0.00166666666666667, 0.000333333333333333, 0.000333333333333333, 0.000166666666666667, 0.000333333333333333, 0.00133333333333333, 0.00233333333333333, 0.00166666666666667, 0.000666666666666667, 0.00166666666666667, 0.000333333333333333, 0.000666666666666667, 0.000666666666666667, 0.0005, 0.000333333333333333, 0.0015, 0.0025, 0.00183333333333333, 0.000833333333333333, 0.00166666666666667, 0.000166666666666667, 0.000833333333333333, 0.000833333333333333, 0.000999999999999999, 0.00116666666666667, 0.00133333333333333, 0.00133333333333333, 0.00183333333333333, 0.000666666666666667, 0.000833333333333333, 0.000833333333333333], "userPathLoss": [10.0, 8.0, 8.0, 13.0, 68.0, 148.0, 68.0, 29.0, 8.0, 104.0, 5.0, 8.0, 5.0, 8.0, 68.0, 200.0, 104.0, 20.0, 104.0, 8.0, 20.0, 20.0, 13.0, 8.0, 85.0, 229.0, 125.0, 29.0, 104.0, 5.0, 29.0, 29.0, 40.0, 53.0, 68.0, 68.0, 125.0, 20.0, 29.0, 29.0], "userBandWidth": [500.0, 142.857142857143, 125.0, 166.666666666667, 0.0, 0.0, 0.0, 125.0, 166.666666666667, 0.0, 500.0, 142.857142857143, 125.0, 166.666666666667, 0.0, 0.0, 0.0, 166.666666666667, 0.0, 125.0, 142.857142857143, 142.857142857143, 125.0, 166.666666666667, 0.0, 0.0, 0.0, 166.666666666667, 0.0, 125.0, 125.0, 125.0, 0.0, 0.0, 0.0, 0.0, 0.0, 142.857142857143, 142.857142857143, 142.857142857143]}