{"numberOfDrones": 5, "numberOfRechargePoints": 2, "numberOfUsersClusters": 24, "numberOfHAPSs": 1, "XY": 10, "CellDist": 1000, "HAPSPosition": [[4, 6]], "RechargePointPosition": [[6, 3], [6, 8]], "DronePosition": [[5, 9], [4, 3], [6, 3], [5, 8], [5, 10]], "NUsers": [50, 100, 20, 300, 100, 50, 100, 100, 100, 300, 30, 40, 200, 400, 30, 30, 20, 50, 10, 30, 100, 100, 5, 5], "UserClusterPosition": [[2, 1], [3, 1], [3, 3], [4, 1], [4, 2], [4, 5], [4, 6], [5, 8], [5, 9], [5, 10], [6, 4], [6, 5], [6, 8], [6, 9], [7, 3], [7, 4], [7, 6], [7, 9], [8, 3], [8, 4], [8, 9], [8, 10], [9, 4], [9, 7]], "DroneHeight": [1, 2, 2, 2, 1], "isUserCovered": [1, 1, 1, 1, 1, 1, 1, 1, 1, 1, 1, 1, 1, 1, 1, 1, 1, 1, 1, 1, 1, 1, 1, 1], "ClosestRP": [2, 1, 1, 2, 2], "ClosestDrone": [3, 3, 3, 3, 3, 3, 5, 5, 5, 1, 2, 2, 5, 4, 2, 2, 2, 5, 2, 2, 5, 1, 2, 3], "userLatency": [8.0, 7.0, 5.0, 6.0, 5.0, 6.0, 6.0, 3.0, 2.0, 2.0, 5.0, 6.0, 4.0, 4.0, 5.0, 6.0, 8.0, 4.0, 6.0, 7.0, 5.0, 5.0, 8.0, 9.0], "userPathLoss": [8.0, 7.0, 5.0, 6.0, 5.0, 6.0, 6.0, 3.0, 2.0, 2.0, 5.0, 6.0, 4.0, 4.0, 5.0, 6.0, 8.0, 4.0, 6.0, 7.0, 5.0, 5.0, 8.0, 9.0], "userBandWidth": [142.857142857143, 142.857142857143, 142.857142857143, 142.857142857143, 142.857142857143, 142.857142857143, 166.666666666667, 166.666666666667, 166.666666666667, 500.0, 125.0, 125.0, 166.666666666667, 1000.0, 125.0, 125.0, 125.0, 166.666666666667, 125.0, 125.0, 166.666666666667, 500.0, 125.0, 142.857142857143]}