{"numberOfDrones": 9, "numberOfRechargePoints": 2, "numberOfUsersClusters": 24, "numberOfHAPSs": 1, "XY": 10, "CellDist": 1000, "HAPSPosition": [[6, 5]], "RechargePointPosition": [[7, 3], [7, 8]], "DronePosition": [[6, 4], [5, 9], [6, 3], [9, 7], [8, 7], [5, 8], [6, 5], [7, 8], [7, 7]], "NUsers": [50, 100, 20, 300, 100, 50, 100, 100, 100, 300, 30, 40, 200, 400, 30, 30, 20, 50, 10, 30, 100, 100, 5, 5], "UserClusterPosition": [[2, 1], [3, 1], [3, 3], [4, 1], [4, 2], [4, 5], [4, 6], [5, 8], [5, 9], [5, 10], [6, 4], [6, 5], [6, 8], [6, 9], [7, 3], [7, 4], [7, 6], [7, 9], [8, 3], [8, 4], [8, 9], [8, 10], [9, 4], [9, 7]], "DroneHeight": [1, 1, 3, 1, 1, 1, 1, 1, 2], "isUserCovered": [1, 1, 1, 1, 1, 1, 1, 1, 1, 1, 1, 1, 1, 1, 1, 1, 1, 1, 1, 1, 1, 1, 1, 1], "ClosestRP": [1, 2, 1, 2, 2, 2, 1, 2, 2], "ClosestDrone": [7, 7, 7, 7, 7, 1, 1, 2, 6, 6, 3, 1, 2, 8, 7, 3, 1, 9, 5, 3, 4, 2, 3, 5], "userLatency": [9.0, 8.0, 6.0, 7.0, 6.0, 4.0, 5.0, 2.0, 2.0, 3.0, 4.0, 2.0, 3.0, 3.0, 4.0, 5.0, 4.0, 4.0, 5.0, 6.0, 4.0, 5.0, 7.0, 2.0], "userPathLoss": [9.0, 8.0, 6.0, 7.0, 6.0, 4.0, 5.0, 2.0, 2.0, 3.0, 4.0, 2.0, 3.0, 3.0, 4.0, 5.0, 4.0, 4.0, 5.0, 6.0, 4.0, 5.0, 7.0, 2.0], "userBandWidth": [166.666666666667, 166.666666666667, 166.666666666667, 166.666666666667, 166.666666666667, 250.0, 250.0, 333.333333333333, 500.0, 500.0, 250.0, 250.0, 333.333333333333, 1000.0, 166.666666666667, 250.0, 250.0, 1000.0, 500.0, 250.0, 1000.0, 333.333333333333, 250.0, 500.0]}