{"numberOfDrones": 8, "numberOfRechargePoints": 2, "numberOfUsersClusters": 24, "numberOfHAPSs": 1, "XY": 10, "CellDist": 1000, "HAPSPosition": [[4, 4]], "RechargePointPosition": [[5, 1], [5, 7]], "DronePosition": [[3, 1], [4, 5], [6, 1], [4, 9], [3, 2], [4, 6], [5, 7], [4, 8]], "NUsers": [50, 100, 20, 300, 100, 50, 100, 100, 100, 300, 30, 40, 200, 400, 30, 30, 20, 50, 10, 30, 100, 100, 5, 5], "UserClusterPosition": [[2, 1], [3, 1], [3, 3], [4, 1], [4, 2], [4, 5], [4, 6], [5, 8], [5, 9], [5, 10], [6, 4], [6, 5], [6, 8], [6, 9], [7, 3], [7, 4], [7, 6], [7, 9], [8, 3], [8, 4], [8, 9], [8, 10], [9, 4], [9, 7]], "DroneHeight": [1, 1, 3, 1, 1, 1, 3, 1], "isUserCovered": [1, 1, 1, 1, 1, 1, 1, 1, 1, 1, 1, 1, 1, 1, 1, 1, 1, 1, 1, 1, 1, 1, 1, 1], "ClosestRP": [1, 2, 1, 2, 1, 2, 2, 2], "ClosestDrone": [5, 5, 1, 3, 1, 6, 2, 4, 7, 7, 6, 6, 4, 7, 1, 6, 2, 7, 1, 6, 7, 7, 6, 2], "userLatency": [3.0, 2.0, 3.0, 5.0, 3.0, 2.0, 2.0, 3.0, 5.0, 6.0, 5.0, 4.0, 4.0, 6.0, 7.0, 6.0, 5.0, 7.0, 8.0, 7.0, 8.0, 9.0, 8.0, 8.0], "userPathLoss": [3.0, 2.0, 3.0, 5.0, 3.0, 2.0, 2.0, 3.0, 5.0, 6.0, 5.0, 4.0, 4.0, 6.0, 7.0, 6.0, 5.0, 7.0, 8.0, 7.0, 8.0, 9.0, 8.0, 8.0], "userBandWidth": [500.0, 500.0, 250.0, 1000.0, 250.0, 166.666666666667, 333.333333333333, 500.0, 166.666666666667, 166.666666666667, 166.666666666667, 166.666666666667, 500.0, 166.666666666667, 250.0, 166.666666666667, 333.333333333333, 166.666666666667, 250.0, 166.666666666667, 166.666666666667, 166.666666666667, 166.666666666667, 333.333333333333]}