{"numberOfDrones": 6, "numberOfRechargePoints": 2, "numberOfUsersClusters": 24, "numberOfHAPSs": 1, "XY": 10, "CellDist": 1000, "HAPSPosition": [[5, 5]], "RechargePointPosition": [[4, 3], [5, 7]], "DronePosition": [[5, 9], [5, 3], [3, 2], [5, 6], [5, 1], [5, 10]], "NUsers": [50, 100, 20, 300, 100, 50, 100, 100, 100, 300, 30, 40, 200, 400, 30, 30, 20, 50, 10, 30, 100, 100, 5, 5], "UserClusterPosition": [[2, 1], [3, 1], [3, 3], [4, 1], [4, 2], [4, 5], [4, 6], [5, 8], [5, 9], [5, 10], [6, 4], [6, 5], [6, 8], [6, 9], [7, 3], [7, 4], [7, 6], [7, 9], [8, 3], [8, 4], [8, 9], [8, 10], [9, 4], [9, 7]], "DroneHeight": [1, 2, 1, 3, 1, 1], "isUserCovered": [1, 1, 1, 1, 1, 1, 1, 1, 1, 1, 1, 1, 1, 1, 1, 1, 1, 1, 1, 1, 1, 1, 1, 1], "ClosestRP": [2, 1, 1, 2, 1, 2], "ClosestDrone": [5, 5, 2, 3, 2, 5, 1, 6, 6, 1, 5, 1, 4, 6, 5, 5, 2, 6, 5, 5, 6, 1, 5, 6], "userLatency": [4.0, 3.0, 4.0, 3.0, 4.0, 6.0, 5.0, 3.0, 2.0, 2.0, 5.0, 6.0, 6.0, 3.0, 5.0, 6.0, 7.0, 4.0, 6.0, 7.0, 5.0, 5.0, 8.0, 8.0], "userPathLoss": [4.0, 3.0, 4.0, 3.0, 4.0, 6.0, 5.0, 3.0, 2.0, 2.0, 5.0, 6.0, 6.0, 3.0, 5.0, 6.0, 7.0, 4.0, 6.0, 7.0, 5.0, 5.0, 8.0, 8.0], "userBandWidth": [111.111111111111, 111.111111111111, 333.333333333333, 1000.0, 333.333333333333, 111.111111111111, 250.0, 166.666666666667, 166.666666666667, 250.0, 111.111111111111, 250.0, 1000.0, 166.666666666667, 111.111111111111, 111.111111111111, 333.333333333333, 166.666666666667, 111.111111111111, 111.111111111111, 166.666666666667, 250.0, 111.111111111111, 166.666666666667]}