{"numberOfDrones": 7, "numberOfRechargePoints": 2, "numberOfUsersClusters": 24, "numberOfHAPSs": 1, "XY": 10, "CellDist": 1000, "HAPSPosition": [[4, 6]], "RechargePointPosition": [[1, 4], [6, 6]], "DronePosition": [[1, 4], [5, 6], [8, 5], [6, 8], [7, 5], [7, 8], [1, 7]], "NUsers": [50, 100, 20, 300, 100, 50, 100, 100, 100, 300, 30, 40, 200, 400, 30, 30, 20, 50, 10, 30, 100, 100, 5, 5], "UserClusterPosition": [[2, 1], [3, 1], [3, 3], [4, 1], [4, 2], [4, 5], [4, 6], [5, 8], [5, 9], [5, 10], [6, 4], [6, 5], [6, 8], [6, 9], [7, 3], [7, 4], [7, 6], [7, 9], [8, 3], [8, 4], [8, 9], [8, 10], [9, 4], [9, 7]], "DroneHeight": [3, 3, 1, 1, 1, 1, 1], "isUserCovered": [1, 1, 1, 1, 1, 1, 1, 1, 1, 1, 1, 1, 1, 1, 1, 1, 1, 1, 1, 1, 1, 1, 1, 1], "ClosestRP": [1, 2, 2, 2, 2, 2, 1], "ClosestDrone": [7, 5, 5, 3, 3, 1, 4, 6, 6, 2, 3, 3, 6, 6, 3, 3, 3, 4, 5, 5, 4, 4, 5, 4], "userLatency": [8.0, 9.0, 7.0, 9.0, 8.0, 7.0, 5.0, 3.0, 4.0, 7.0, 4.0, 3.0, 2.0, 3.0, 4.0, 3.0, 3.0, 3.0, 4.0, 3.0, 4.0, 5.0, 4.0, 5.0], "userPathLoss": [8.0, 9.0, 7.0, 9.0, 8.0, 7.0, 5.0, 3.0, 4.0, 7.0, 4.0, 3.0, 2.0, 3.0, 4.0, 3.0, 3.0, 3.0, 4.0, 3.0, 4.0, 5.0, 4.0, 5.0], "userBandWidth": [1000.0, 200.0, 200.0, 142.857142857143, 142.857142857143, 1000.0, 200.0, 250.0, 250.0, 1000.0, 142.857142857143, 142.857142857143, 250.0, 250.0, 142.857142857143, 142.857142857143, 142.857142857143, 200.0, 200.0, 200.0, 200.0, 200.0, 200.0, 200.0]}