{"numberOfDrones": 3, "numberOfRechargePoints": 2, "numberOfUsersClusters": 24, "numberOfHAPSs": 1, "XY": 10, "CellDist": 1000, "HAPSPosition": [[4, 5]], "RechargePointPosition": [[5, 5], [8, 6]], "DronePosition": [[5, 5], [8, 6], [8, 5]], "NUsers": [50, 100, 20, 300, 100, 50, 100, 100, 100, 300, 30, 40, 200, 400, 30, 30, 20, 50, 10, 30, 100, 100, 5, 5], "UserClusterPosition": [[2, 1], [3, 1], [3, 3], [4, 1], [4, 2], [4, 5], [4, 6], [5, 8], [5, 9], [5, 10], [6, 4], [6, 5], [6, 8], [6, 9], [7, 3], [7, 4], [7, 6], [7, 9], [8, 3], [8, 4], [8, 9], [8, 10], [9, 4], [9, 7]], "DroneHeight": [3, 1, 1], "isUserCovered": [0, 1, 1, 1, 1, 1, 1, 1, 1, 1, 1, 1, 1, 1, 1, 1, 1, 1, 1, 1, 1, 1, 1, 1], "ClosestRP": [1, 2, 2], "ClosestDrone": [3, 3, 3, 3, 3, 3, 3, 3, 3, 3, 2, 2, 3, 3, 1, 2, 3, 3, 2, 2, 3, 3, 2, 3], "userLatency": [11.0, 10.0, 8.0, 9.0, 8.0, 5.0, 6.0, 7.0, 8.0, 9.0, 5.0, 4.0, 6.0, 7.0, 7.0, 4.0, 3.0, 6.0, 4.0, 3.0, 5.0, 6.0, 4.0, 4.0], "userPathLoss": [11.0, 10.0, 8.0, 9.0, 8.0, 5.0, 6.0, 7.0, 8.0, 9.0, 5.0, 4.0, 6.0, 7.0, 7.0, 4.0, 3.0, 6.0, 4.0, 3.0, 5.0, 6.0, 4.0, 4.0], "userBandWidth": [0.0, 62.5, 62.5, 62.5, 62.5, 62.5, 62.5, 62.5, 62.5, 62.5, 166.666666666667, 166.666666666667, 62.5, 62.5, 1000.0, 166.666666666667, 62.5, 62.5, 166.666666666667, 166.666666666667, 62.5, 62.5, 166.666666666667, 62.5]}