{"numberOfDrones": 2, "numberOfRechargePoints": 1, "numberOfUsersClusters": 40, "numberOfHASPs": 2, "XY": 20, "HASPPosition": [[6, 8], [1, 1]], "RechargePointPosition": [[6, 14]], "DronePosition": [[6, 18], [8, 8]], "NUsers": [5, 7, 10, 9, 4, 3, 2, 6, 8, 11, 5, 7, 10, 9, 4, 3, 2, 6, 8, 11, 5, 7, 10, 9, 4, 3, 2, 6, 8, 11, 5, 7, 10, 9, 4, 3, 2, 6, 8, 11], "UserClusterPosition": [[2, 3], [5, 7], [4, 15], [16, 4], [14, 11], [17, 18], [10, 12], [8, 18], [19, 6], [12, 13], [3, 5], [7, 9], [6, 16], [18, 5], [15, 12], [18, 19], [20, 13], [19, 8], [13, 14], [4, 17], [5, 9], [7, 11], [6, 18], [18, 7], [15, 13], [18, 20], [20, 14], [19, 9], [14, 15], [5, 17], [7, 19], [6, 20], [3, 20], [9, 19], [11, 18], [10, 19], [12, 20], [9, 9], [11, 8], [10, 9]], "DroneHeight": [2, 1], "isUserCovered": [0, 1, 1, 0, 0, 0, 0, 1, 0, 0, 0, 1, 1, 0, 0, 0, 0, 0, 0, 1, 1, 1, 1, 0, 0, 0, 0, 0, 0, 1, 1, 1, 1, 1, 1, 1, 0, 1, 1, 1], "ClosestRP": [1, 1], "ClosestDrone": [2, 2, 1, 2, 2, 1, 2, 1, 2, 2, 2, 2, 1, 2, 2, 1, 2, 2, 2, 1, 2, 2, 1, 2, 2, 1, 2, 2, 1, 1, 1, 1, 1, 1, 1, 1, 1, 2, 2, 2], "userLatency": [0.00183333333333333, 0.000666666666666667, 0.000833333333333333, 0.002, 0.0015, 0.00183333333333333, 0.001, 0.000333333333333333, 0.00216666666666667, 0.0015, 0.00133333333333333, 0.000333333333333333, 0.000333333333333333, 0.00216666666666667, 0.00183333333333333, 0.00216666666666667, 0.00283333333333333, 0.00183333333333333, 0.00183333333333333, 0.0005, 0.000666666666666667, 0.000666666666666667, -0.0, 0.00183333333333333, 0.002, 0.00233333333333333, 0.003, 0.002, 0.00183333333333333, 0.000333333333333333, 0.000333333333333333, 0.000333333333333333, 0.000833333333333333, 0.000666666666666667, 0.000833333333333333, 0.000833333333333333, 0.00133333333333333, 0.000333333333333333, 0.0005, 0.0005], "userPathLoss": [122.0, 17.0, 29.0, 145.0, 82.0, 125.0, 37.0, 8.0, 170.0, 82.0, 65.0, 5.0, 8.0, 170.0, 122.0, 173.0, 290.0, 122.0, 122.0, 13.0, 17.0, 17.0, 4.0, 122.0, 145.0, 200.0, 325.0, 145.0, 125.0, 8.0, 8.0, 8.0, 29.0, 20.0, 29.0, 29.0, 68.0, 5.0, 10.0, 10.0], "userBandWidth": [0.0, 142.857142857143, 83.3333333333333, 0.0, 0.0, 0.0, 0.0, 83.3333333333333, 0.0, 0.0, 0.0, 142.857142857143, 83.3333333333333, 0.0, 0.0, 0.0, 0.0, 0.0, 0.0, 83.3333333333333, 142.857142857143, 142.857142857143, 83.3333333333333, 0.0, 0.0, 0.0, 0.0, 0.0, 0.0, 83.3333333333333, 83.3333333333333, 83.3333333333333, 83.3333333333333, 83.3333333333333, 83.3333333333333, 83.3333333333333, 0.0, 142.857142857143, 142.857142857143, 142.857142857143]}