{"numberOfDrones": 4, "numberOfRechargePoints": 1, "numberOfUsersClusters": 24, "numberOfHAPSs": 1, "XY": 10, "CellDist": 1000, "HAPSPosition": [[5, 4]], "RechargePointPosition": [[5, 6]], "DronePosition": [[5, 8], [5, 5], [6, 8], [5, 8]], "NUsers": [50, 100, 20, 300, 100, 50, 100, 100, 100, 300, 30, 40, 200, 400, 30, 30, 20, 50, 10, 30, 100, 100, 5, 5], "UserClusterPosition": [[2, 1], [3, 1], [3, 3], [4, 1], [4, 2], [4, 5], [4, 6], [5, 8], [5, 9], [5, 10], [6, 4], [6, 5], [6, 8], [6, 9], [7, 3], [7, 4], [7, 6], [7, 9], [8, 3], [8, 4], [8, 9], [8, 10], [9, 4], [9, 7]], "DroneHeight": [1, 3, 1, 1], "isUserCovered": [0, 1, 1, 1, 1, 1, 1, 1, 1, 1, 1, 1, 1, 1, 1, 1, 1, 1, 1, 1, 1, 1, 1, 1], "ClosestRP": [1, 1, 1, 1], "ClosestDrone": [1, 1, 1, 1, 1, 1, 3, 3, 3, 3, 1, 1, 1, 4, 1, 1, 1, 1, 1, 1, 1, 1, 1, 1], "userLatency": [11.0, 10.0, 8.0, 9.0, 8.0, 5.0, 5.0, 2.0, 3.0, 4.0, 6.0, 5.0, 2.0, 3.0, 8.0, 7.0, 5.0, 4.0, 9.0, 8.0, 5.0, 6.0, 9.0, 6.0], "userPathLoss": [11.0, 10.0, 8.0, 9.0, 8.0, 5.0, 5.0, 2.0, 3.0, 4.0, 6.0, 5.0, 2.0, 3.0, 8.0, 7.0, 5.0, 4.0, 9.0, 8.0, 5.0, 6.0, 9.0, 6.0], "userBandWidth": [0.0, 55.5555555555556, 55.5555555555556, 55.5555555555556, 55.5555555555556, 55.5555555555556, 250.0, 250.0, 250.0, 250.0, 55.5555555555556, 55.5555555555556, 55.5555555555556, 1000.0, 55.5555555555556, 55.5555555555556, 55.5555555555556, 55.5555555555556, 55.5555555555556, 55.5555555555556, 55.5555555555556, 55.5555555555556, 55.5555555555556, 55.5555555555556]}