{"numberOfDrones": 10, "numberOfRechargePoints": 2, "numberOfUsersClusters": 24, "numberOfHAPSs": 1, "XY": 10, "CellDist": 1000, "HAPSPosition": [[7, 6]], "RechargePointPosition": [[5, 5], [9, 7]], "DronePosition": [[4, 5], [4, 6], [9, 7], [8, 7], [4, 7], [3, 6], [5, 3], [9, 5], [9, 9], [9, 9]], "NUsers": [50, 100, 20, 300, 100, 50, 100, 100, 100, 300, 30, 40, 200, 400, 30, 30, 20, 50, 10, 30, 100, 100, 5, 5], "UserClusterPosition": [[2, 1], [3, 1], [3, 3], [4, 1], [4, 2], [4, 5], [4, 6], [5, 8], [5, 9], [5, 10], [6, 4], [6, 5], [6, 8], [6, 9], [7, 3], [7, 4], [7, 6], [7, 9], [8, 3], [8, 4], [8, 9], [8, 10], [9, 4], [9, 7]], "DroneHeight": [1, 1, 1, 2, 1, 1, 2, 2, 1, 1], "isUserCovered": [1, 1, 1, 1, 1, 1, 1, 1, 1, 1, 1, 1, 1, 1, 1, 1, 1, 1, 1, 1, 1, 1, 1, 1], "ClosestRP": [1, 1, 2, 2, 1, 1, 1, 2, 2, 2], "ClosestDrone": [2, 2, 2, 2, 2, 2, 1, 2, 2, 9, 2, 2, 2, 5, 8, 2, 1, 4, 3, 3, 4, 4, 3, 4], "userLatency": [8.0, 7.0, 5.0, 6.0, 5.0, 2.0, 2.0, 4.0, 5.0, 6.0, 5.0, 4.0, 5.0, 5.0, 6.0, 6.0, 5.0, 5.0, 6.0, 5.0, 4.0, 5.0, 4.0, 3.0], "userPathLoss": [8.0, 7.0, 5.0, 6.0, 5.0, 2.0, 2.0, 4.0, 5.0, 6.0, 5.0, 4.0, 5.0, 5.0, 6.0, 6.0, 5.0, 5.0, 6.0, 5.0, 4.0, 5.0, 4.0, 3.0], "userBandWidth": [83.3333333333333, 83.3333333333333, 83.3333333333333, 83.3333333333333, 83.3333333333333, 83.3333333333333, 500.0, 83.3333333333333, 83.3333333333333, 1000.0, 83.3333333333333, 83.3333333333333, 83.3333333333333, 1000.0, 1000.0, 83.3333333333333, 500.0, 250.0, 333.333333333333, 333.333333333333, 250.0, 250.0, 333.333333333333, 250.0]}