{"numberOfDrones": 9, "numberOfRechargePoints": 1, "numberOfUsersClusters": 24, "numberOfHAPSs": 1, "XY": 10, "CellDist": 1000, "HAPSPosition": [[3, 5]], "RechargePointPosition": [[3, 7]], "DronePosition": [[3, 5], [3, 4], [3, 8], [3, 5], [3, 10], [5, 7], [4, 5], [5, 6], [4, 7]], "NUsers": [50, 100, 20, 300, 100, 50, 100, 100, 100, 300, 30, 40, 200, 400, 30, 30, 20, 50, 10, 30, 100, 100, 5, 5], "UserClusterPosition": [[2, 1], [3, 1], [3, 3], [4, 1], [4, 2], [4, 5], [4, 6], [5, 8], [5, 9], [5, 10], [6, 4], [6, 5], [6, 8], [6, 9], [7, 3], [7, 4], [7, 6], [7, 9], [8, 3], [8, 4], [8, 9], [8, 10], [9, 4], [9, 7]], "DroneHeight": [1, 1, 3, 1, 1, 1, 1, 1, 1], "isUserCovered": [1, 1, 1, 1, 1, 1, 1, 1, 1, 1, 1, 1, 1, 1, 0, 1, 1, 1, 0, 0, 1, 0, 0, 1], "ClosestRP": [1, 1, 1, 1, 1, 1, 1, 1, 1], "ClosestDrone": [1, 1, 1, 4, 1, 1, 1, 3, 9, 6, 1, 1, 3, 5, 1, 1, 6, 3, 1, 1, 3, 6, 1, 8], "userLatency": [6.0, 5.0, 3.0, 6.0, 5.0, 2.0, 3.0, 5.0, 4.0, 4.0, 5.0, 4.0, 6.0, 5.0, 7.0, 6.0, 4.0, 8.0, 8.0, 7.0, 9.0, 7.0, 8.0, 6.0], "userPathLoss": [6.0, 5.0, 3.0, 6.0, 5.0, 2.0, 3.0, 5.0, 4.0, 4.0, 5.0, 4.0, 6.0, 5.0, 7.0, 6.0, 4.0, 8.0, 8.0, 7.0, 9.0, 7.0, 8.0, 6.0], "userBandWidth": [111.111111111111, 111.111111111111, 111.111111111111, 1000.0, 111.111111111111, 111.111111111111, 111.111111111111, 250.0, 1000.0, 500.0, 111.111111111111, 111.111111111111, 250.0, 1000.0, 0.0, 111.111111111111, 500.0, 250.0, 0.0, 0.0, 250.0, 0.0, 0.0, 1000.0]}