{"numberOfDrones": 8, "numberOfRechargePoints": 1, "numberOfUsersClusters": 24, "numberOfHAPSs": 1, "XY": 10, "CellDist": 1000, "HAPSPosition": [[7, 3]], "RechargePointPosition": [[7, 5]], "DronePosition": [[7, 5], [7, 2], [7, 3], [6, 6], [7, 7], [7, 8], [6, 5], [9, 5]], "NUsers": [50, 100, 20, 300, 100, 50, 100, 100, 100, 300, 30, 40, 200, 400, 30, 30, 20, 50, 10, 30, 100, 100, 5, 5], "UserClusterPosition": [[2, 1], [3, 1], [3, 3], [4, 1], [4, 2], [4, 5], [4, 6], [5, 8], [5, 9], [5, 10], [6, 4], [6, 5], [6, 8], [6, 9], [7, 3], [7, 4], [7, 6], [7, 9], [8, 3], [8, 4], [8, 9], [8, 10], [9, 4], [9, 7]], "DroneHeight": [2, 1, 1, 2, 2, 1, 1, 2], "isUserCovered": [0, 0, 1, 1, 1, 1, 1, 1, 1, 1, 1, 1, 1, 1, 1, 1, 1, 1, 1, 1, 1, 1, 1, 1], "ClosestRP": [1, 1, 1, 1, 1, 1, 1, 1], "ClosestDrone": [3, 3, 2, 3, 3, 1, 1, 5, 5, 5, 1, 1, 5, 4, 2, 2, 3, 5, 2, 2, 5, 5, 1, 1], "userLatency": [8.0, 7.0, 6.0, 6.0, 5.0, 5.0, 6.0, 5.0, 6.0, 7.0, 4.0, 3.0, 4.0, 5.0, 2.0, 3.0, 4.0, 4.0, 3.0, 4.0, 5.0, 6.0, 5.0, 6.0], "userPathLoss": [8.0, 7.0, 6.0, 6.0, 5.0, 5.0, 6.0, 5.0, 6.0, 7.0, 4.0, 3.0, 4.0, 5.0, 2.0, 3.0, 4.0, 4.0, 3.0, 4.0, 5.0, 6.0, 5.0, 6.0], "userBandWidth": [0.0, 0.0, 200.0, 333.333333333333, 333.333333333333, 166.666666666667, 166.666666666667, 142.857142857143, 142.857142857143, 142.857142857143, 166.666666666667, 166.666666666667, 142.857142857143, 1000.0, 200.0, 200.0, 333.333333333333, 142.857142857143, 200.0, 200.0, 142.857142857143, 142.857142857143, 166.666666666667, 166.666666666667]}