{"numberOfDrones": 4, "numberOfRechargePoints": 2, "numberOfUsersClusters": 24, "numberOfHAPSs": 1, "XY": 10, "CellDist": 1000, "HAPSPosition": [[1, 7]], "RechargePointPosition": [[3, 5], [4, 8]], "DronePosition": [[2, 6], [2, 8], [3, 4], [5, 8]], "NUsers": [50, 100, 20, 300, 100, 50, 100, 100, 100, 300, 30, 40, 200, 400, 30, 30, 20, 50, 10, 30, 100, 100, 5, 5], "UserClusterPosition": [[2, 1], [3, 1], [3, 3], [4, 1], [4, 2], [4, 5], [4, 6], [5, 8], [5, 9], [5, 10], [6, 4], [6, 5], [6, 8], [6, 9], [7, 3], [7, 4], [7, 6], [7, 9], [8, 3], [8, 4], [8, 9], [8, 10], [9, 4], [9, 7]], "DroneHeight": [2, 1, 3, 3], "isUserCovered": [1, 1, 1, 1, 1, 1, 1, 1, 1, 1, 1, 1, 1, 1, 1, 1, 1, 1, 1, 1, 1, 1, 1, 1], "ClosestRP": [1, 2, 1, 2], "ClosestDrone": [2, 1, 1, 1, 1, 2, 2, 2, 2, 2, 1, 2, 2, 2, 1, 1, 2, 2, 1, 1, 2, 2, 1, 1], "userLatency": [8.0, 8.0, 6.0, 9.0, 8.0, 6.0, 5.0, 4.0, 5.0, 6.0, 8.0, 8.0, 5.0, 6.0, 10.0, 9.0, 8.0, 7.0, 11.0, 10.0, 8.0, 9.0, 11.0, 10.0], "userPathLoss": [8.0, 8.0, 6.0, 9.0, 8.0, 6.0, 5.0, 4.0, 5.0, 6.0, 8.0, 8.0, 5.0, 6.0, 10.0, 9.0, 8.0, 7.0, 11.0, 10.0, 8.0, 9.0, 11.0, 10.0], "userBandWidth": [76.9230769230769, 90.9090909090909, 90.9090909090909, 90.9090909090909, 90.9090909090909, 76.9230769230769, 76.9230769230769, 76.9230769230769, 76.9230769230769, 76.9230769230769, 90.9090909090909, 76.9230769230769, 76.9230769230769, 76.9230769230769, 90.9090909090909, 90.9090909090909, 76.9230769230769, 76.9230769230769, 90.9090909090909, 90.9090909090909, 76.9230769230769, 76.9230769230769, 90.9090909090909, 90.9090909090909]}